date,weekdays,sleep_starts,sleep_ends,sleep_duration_min,light_sleep_min,rem_sleep_min,deep_sleep_min,readiness,sleep_score,activity_score,steps
10/10/19,Thursday,10:43:00 PM,5:40:00 AM,383,201,93,89,84,77,87,7819
10/11/19,Friday,11:14:00 PM,6:00:00 AM,359,203,51,104,79,69,87,7819
10/12/19,Saturday,11:24:00 PM,9:05:00 AM,519,316,114,89,87,84,86,10646
10/13/19,Sunday,11:43:00 PM,9:19:00 AM,506,315,111,79,83,81,87,9395
10/14/19,Monday,10:26:00 PM,5:44:00 AM,387,236,85,65,75,75,93,11411
10/15/19,Tuesday,10:12:00 PM,6:06:00 AM,433,240,87,105,81,79,83,7951
10/16/19,Wednesday,10:58:00 PM,5:45:00 AM,374,199,69,106,82,73,76,8319
10/17/19,Thursday,10:05:00 PM,5:52:00 AM,420,193,96,131,87,81,76,6540
10/18/19,Friday,10:19:00 PM,5:47:00 AM,409,197,115,96,83,78,76,8589
10/19/19,Saturday,10:55:00 PM,8:26:00 AM,494,281,130,83,89,86,69,6022
10/20/19,Sunday,11:50:00 PM,9:39:00 AM,520,301,117,101,85,83,70,6401
10/21/19,Monday,11:27:00 PM,5:49:00 AM,325,190,43,92,76,66,59,5604
10/22/19,Tuesday,11:55:00 PM,5:59:00 AM,290,128,67,95,74,66,63,7038
10/23/19,Wednesday,9:42:00 PM,5:46:00 AM,445,295,94,55,79,78,62,6429
10/24/19,Thursday,10:38:00 PM,5:56:00 AM,394,232,61,100,78,74,66,10090
10/25/19,Friday,10:22:00 PM,6:06:00 AM,404,204,62,137,81,77,74,9547
10/28/19,Monday,11:01:00 PM,5:49:00 AM,368,194,52,122,80,72,91,10789
10/29/19,Tuesday,10:57:00 PM,5:47:00 AM,376,199,80,96,75,77,89,6641
10/30/19,Wednesday,10:58:00 PM,5:59:00 AM,361,185,82,93,74,72,92,7359
10/31/19,Thursday,10:42:00 PM,5:47:00 AM,347,201,93,52,66,66,91,6695
11/1/19,Friday,9:17:00 PM,6:02:00 AM,427,260,79,88,73,75,92,7821
11/2/19,Saturday,11:34:00 PM,9:25:00 AM,501,293,113,95,80,83,88,8044
11/3/19,Sunday,10:50:00 PM,9:13:00 AM,516,360,110,46,58,79,93,9539
11/4/19,Monday,10:13:00 PM,5:49:00 AM,403,226,75,102,82,78,88,4758
11/6/19,Wednesday,10:23:00 PM,5:59:00 AM,350,193,55,102,72,71,93,7574
11/7/19,Thursday,9:59:00 PM,5:51:00 AM,385,191,59,134,75,68,82,7676
11/8/19,Friday,11:20:00 PM,9:17:00 AM,429,226,62,141,77,69,85,6441
11/10/19,Sunday,11:07:00 PM,10:16:00 AM,549,333,104,111,93,85,80,5370
11/11/19,Monday,10:50:00 PM,5:58:00 AM,371,231,40,99,82,68,82,7924
11/12/19,Tuesday,11:54:00 PM,5:52:00 AM,318,199,44,75,78,67,74,9112
11/13/19,Wednesday,9:39:00 PM,5:57:00 AM,423,233,95,95,84,81,68,6470
11/14/19,Thursday,10:21:00 PM,6:06:00 AM,402,251,85,65,81,73,67,6998
11/15/19,Friday,9:56:00 PM,5:54:00 AM,415,230,94,91,82,78,65,8849
11/16/19,Saturday,10:25:00 PM,7:50:00 AM,479,255,113,111,86,87,67,8720
11/17/19,Sunday,11:28:00 PM,8:38:00 AM,460,230,119,110,83,79,79,14288
11/18/19,Monday,10:47:00 PM,5:49:00 AM,384,236,63,80,79,73,81,7751
11/19/19,Tuesday,11:01:00 PM,5:48:00 AM,354,191,63,100,81,72,70,5459
11/20/19,Wednesday,11:09:00 PM,5:58:00 AM,358,201,54,103,79,70,69,7581
11/21/19,Thursday,11:43:00 PM,5:48:00 AM,330,171,51,108,74,68,77,7633
11/22/19,Friday,10:17:00 PM,6:06:00 AM,409,225,78,106,72,75,78,6879
11/23/19,Saturday,9:45:00 PM,8:10:00 AM,529,319,112,98,87,88,76,7088
11/24/19,Sunday,10:28:00 PM,8:56:00 AM,563,336,137,89,90,88,70,6692
11/25/19,Monday,10:30:00 PM,5:51:00 AM,392,194,84,114,85,79,75,9054
11/26/19,Tuesday,9:56:00 PM,5:51:00 AM,420,255,76,88,84,77,73,7343
11/27/19,Wednesday,10:49:00 PM,5:56:00 AM,360,178,73,108,82,73,71,6578
11/28/19,Thursday,7:29:00 PM,10:29:00 AM,673,408,189,76,85,84,61,8420
12/2/19,Monday,10:55:00 PM,5:45:00 AM,322,188,79,54,69,63,84,10214
12/3/19,Tuesday,11:37:00 PM,5:57:00 AM,298,149,46,102,65,66,84,7169
12/4/19,Wednesday,10:35:00 PM,5:57:00 AM,392,244,69,79,70,74,88,11079
12/5/19,Thursday,10:52:00 PM,5:54:00 AM,369,217,74,78,72,73,92,8174
12/6/19,Friday,10:21:00 PM,6:04:00 AM,398,232,72,93,68,75,94,9129
12/7/19,Saturday,11:50:00 PM,8:44:00 AM,464,327,108,29,61,69,92,14144
12/9/19,Monday,11:24:00 PM,5:49:00 AM,385,237,83,64,77,71,94,7164
12/10/19,Tuesday,9:48:00 PM,5:54:00 AM,435,248,93,94,82,81,87,9264
12/11/19,Wednesday,10:26:00 PM,6:07:00 AM,418,261,70,86,81,75,86,6242
12/13/19,Friday,11:33:00 PM,6:05:00 AM,355,169,66,120,81,73,76,7564
12/15/19,Sunday,10:58:00 PM,11:33:00 AM,621,364,158,99,89,76,83,9995
12/16/19,Monday,11:00:00 PM,5:55:00 AM,334,230,47,57,71,59,89,11201
12/17/19,Tuesday,10:22:00 PM,6:11:00 AM,428,240,69,119,87,79,79,7956
12/18/19,Wednesday,10:31:00 PM,5:49:00 AM,373,187,81,105,80,75,83,10592
12/19/19,Thursday,10:20:00 PM,5:57:00 AM,412,236,74,101,85,77,81,6478
12/20/19,Friday,11:09:00 PM,5:48:00 AM,354,211,74,68,78,69,81,7442
12/21/19,Saturday,11:28:00 PM,9:05:00 AM,494,280,102,112,87,82,73,5914
12/22/19,Sunday,10:48:00 PM,7:12:00 AM,447,277,97,73,86,83,77,3743
12/23/19,Monday,10:47:00 PM,6:04:00 AM,338,199,64,74,75,67,67,7339
12/24/19,Tuesday,9:16:00 PM,9:19:00 AM,562,304,155,102,87,87,71,7624
12/25/19,Wednesday,11:06:00 PM,9:01:00 AM,478,252,123,103,78,89,67,5286
12/26/19,Thursday,11:34:00 PM,10:06:00 AM,509,296,108,104,90,82,72,10348
12/27/19,Friday,10:09:00 PM,5:55:00 AM,379,245,57,77,82,69,72,6714
12/29/19,Sunday,11:34:00 PM,10:11:00 AM,491,272,117,101,93,81,73,8023
1/2/20,Thursday,11:29:00 PM,5:51:00 AM,323,211,49,63,72,64,69,6787
1/3/20,Friday,9:55:00 PM,5:52:00 AM,428,274,69,84,86,80,67,9139
1/4/20,Saturday,11:08:00 PM,6:34:00 AM,382,241,58,82,80,72,80,17652
1/5/20,Sunday,9:55:00 PM,9:17:00 AM,550,361,140,48,64,75,87,6336
1/6/20,Monday,11:07:00 PM,5:50:00 AM,341,219,52,69,76,69,80,6285
1/7/20,Tuesday,10:37:00 PM,6:00:00 AM,372,254,51,67,76,70,80,9050
1/8/20,Wednesday,11:25:00 PM,5:50:00 AM,315,224,40,50,67,60,76,6219
1/9/20,Thursday,11:14:00 PM,5:55:00 AM,349,178,73,97,68,72,79,8426
1/10/20,Friday,10:22:00 PM,6:07:00 AM,361,166,79,115,72,71,79,4841
1/13/20,Monday,10:28:00 PM,6:07:00 AM,413,236,70,107,70,78,83,10323
1/14/20,Tuesday,9:47:00 PM,5:59:00 AM,432,245,82,104,76,79,87,9702
1/15/20,Wednesday,11:06:00 PM,5:41:00 AM,334,206,39,88,63,70,94,7753
1/17/20,Friday,11:15:00 PM,7:14:00 AM,399,199,72,128,71,75,88,7559
1/18/20,Saturday,11:56:00 PM,9:14:00 AM,504,252,123,128,83,84,92,9696
1/19/20,Sunday,11:39:00 PM,6:26:00 AM,338,213,62,62,67,66,95,15527
1/20/20,Monday,11:25:00 PM,5:51:00 AM,341,218,39,84,63,68,92,13610
1/21/20,Tuesday,10:44:00 PM,6:01:00 AM,377,199,72,106,67,75,87,5968
1/22/20,Wednesday,10:02:00 PM,5:56:00 AM,413,222,80,111,74,77,85,5961
1/23/20,Thursday,9:59:00 PM,6:14:00 AM,425,284,68,72,74,75,82,6728
1/24/20,Friday,10:38:00 PM,7:00:00 AM,459,285,85,89,80,83,88,13653
1/25/20,Saturday,10:22:00 PM,8:14:00 AM,528,363,126,39,74,83,84,6324
1/26/20,Sunday,11:48:00 PM,9:53:00 AM,521,323,102,96,87,81,80,8511
1/27/20,Monday,10:35:00 PM,6:04:00 AM,393,206,60,127,83,75,78,11962
1/28/20,Tuesday,10:26:00 PM,5:41:00 AM,391,209,69,113,79,77,79,5800
1/29/20,Wednesday,10:38:00 PM,5:57:00 AM,385,212,83,90,79,78,78,7591
1/30/20,Thursday,10:35:00 PM,6:21:00 AM,409,194,84,131,77,78,79,4635
1/31/20,Friday,10:56:00 PM,6:00:00 AM,369,233,49,87,81,72,80,10530
2/1/20,Saturday,12:05:00 AM,9:21:00 AM,472,308,101,63,80,76,82,6939
2/2/20,Sunday,12:29:00 AM,8:38:00 AM,448,244,114,90,79,79,89,7565
2/3/20,Monday,11:08:00 PM,5:58:00 AM,363,244,56,62,76,70,83,11067
2/4/20,Tuesday,11:24:00 PM,7:09:00 AM,400,237,68,95,73,74,78,3391
2/5/20,Wednesday,10:00:00 PM,7:15:00 AM,485,259,108,118,84,87,78,5212
2/6/20,Thursday,10:17:00 PM,6:04:00 AM,424,278,68,77,81,76,79,6658
2/7/20,Friday,10:35:00 PM,6:08:00 AM,397,226,77,93,81,74,73,9161
2/8/20,Saturday,10:35:00 PM,9:35:00 AM,581,332,128,120,90,88,79,7947
2/9/20,Sunday,10:59:00 PM,8:36:00 AM,470,268,103,98,89,82,74,5764
2/10/20,Monday,10:23:00 PM,5:42:00 AM,352,239,81,32,57,63,67,8695
2/11/20,Tuesday,12:08:00 AM,7:00:00 AM,380,195,86,98,74,74,75,7842
2/12/20,Wednesday,11:36:00 PM,6:01:00 AM,345,242,56,47,72,66,70,5782
2/13/20,Thursday,11:42:00 PM,6:12:00 AM,318,150,65,102,70,68,70,8798
2/14/20,Friday,11:28:00 PM,6:07:00 AM,352,195,77,79,72,70,76,10158
2/15/20,Saturday,12:35:00 AM,10:10:00 AM,507,292,131,83,78,80,75,9382
2/16/20,Sunday,1:21:00 AM,9:57:00 AM,448,202,97,148,79,77,77,6923
2/17/20,Monday,11:05:00 PM,6:02:00 AM,335,177,74,84,71,71,64,8903
2/18/20,Tuesday,11:18:00 PM,6:09:00 AM,373,190,86,97,78,77,70,6118
2/19/20,Wednesday,10:18:00 PM,5:51:00 AM,362,227,44,91,66,67,68,5582
2/20/20,Thursday,8:30:00 PM,5:41:00 AM,490,254,132,103,83,89,65,6892
2/21/20,Friday,10:58:00 PM,7:08:00 AM,435,247,87,101,81,80,72,14065
2/22/20,Saturday,11:43:00 PM,9:31:00 AM,527,307,132,88,70,84,74,9309
2/23/20,Sunday,11:50:00 PM,7:46:00 AM,421,220,99,102,78,80,71,8234
2/24/20,Monday,10:13:00 PM,5:46:00 AM,412,273,85,53,81,77,72,6912
2/25/20,Tuesday,10:46:00 PM,6:00:00 AM,360,202,61,96,76,72,77,11026
2/26/20,Wednesday,10:56:00 PM,6:13:00 AM,390,247,68,74,79,74,80,7473
2/28/20,Friday,11:01:00 PM,6:00:00 AM,384,243,79,61,68,72,82,10285
2/29/20,Saturday,11:40:00 PM,9:10:00 AM,499,284,121,94,85,83,86,8586
3/1/20,Sunday,9:22:00 PM,8:58:00 AM,569,330,141,97,81,89,82,9209
3/2/20,Monday,11:34:00 PM,5:53:00 AM,384,220,55,109,82,71,82,6999
3/3/20,Tuesday,10:37:00 PM,6:00:00 AM,386,224,79,82,83,76,79,6953
3/5/20,Thursday,10:08:00 PM,6:00:00 AM,438,272,87,78,81,82,76,10213
3/6/20,Friday,10:49:00 PM,5:55:00 AM,355,175,79,101,67,68,69,7738
3/7/20,Saturday,11:44:00 PM,8:42:00 AM,496,265,121,109,76,84,78,8234
3/8/20,Sunday,11:21:00 PM,9:00:00 AM,504,308,109,86,80,84,87,12980
3/9/20,Monday,11:32:00 PM,7:02:00 AM,373,235,62,75,76,71,85,6102
3/10/20,Tuesday,10:32:00 PM,7:14:00 AM,448,313,97,38,76,77,80,6567
3/11/20,Wednesday,11:39:00 PM,5:57:00 AM,332,193,49,89,70,69,76,5217
3/12/20,Thursday,12:09:00 AM,7:56:00 AM,397,221,81,94,79,74,70,4413
3/13/20,Friday,11:38:00 PM,8:06:00 AM,464,290,99,74,78,79,74,7159
3/14/20,Saturday,11:45:00 PM,10:09:00 AM,467,282,89,95,76,76,82,11878
3/15/20,Sunday,12:49:00 AM,7:28:00 AM,344,175,73,96,72,67,86,16491
3/16/20,Monday,10:09:00 PM,7:11:00 AM,467,326,101,40,73,78,82,9399
3/17/20,Tuesday,11:11:00 PM,7:17:00 AM,400,224,82,93,80,73,81,8078
3/18/20,Wednesday,11:16:00 PM,7:28:00 AM,436,255,86,94,83,82,81,9565
3/19/20,Thursday,12:36:00 AM,7:12:00 AM,363,211,67,85,75,69,96,14866
3/20/20,Friday,10:22:00 PM,9:52:00 AM,559,363,141,54,77,75,97,15979
3/21/20,Saturday,11:58:00 PM,9:40:00 AM,503,322,127,53,76,81,89,7883
3/23/20,Monday,10:54:00 PM,5:54:00 AM,377,201,81,95,82,76,77,9043
3/24/20,Tuesday,11:00:00 PM,7:10:00 AM,421,228,81,112,84,80,79,6706
3/25/20,Wednesday,12:23:00 AM,6:51:00 AM,299,163,80,56,74,63,82,9376
3/27/20,Friday,9:14:00 PM,7:04:00 AM,513,309,138,66,71,88,60,8725
3/28/20,Saturday,1:10:00 AM,9:30:00 AM,418,233,116,68,76,69,78,10957
3/29/20,Sunday,12:56:00 AM,8:52:00 AM,403,250,84,69,80,68,81,11747
3/30/20,Monday,11:35:00 PM,6:15:00 AM,355,178,63,113,70,74,83,12977
3/31/20,Tuesday,10:47:00 PM,7:08:00 AM,465,279,97,88,75,84,86,8390
4/1/20,Wednesday,10:35:00 PM,6:46:00 AM,436,261,93,81,79,81,84,9622
4/2/20,Thursday,11:22:00 PM,6:06:00 AM,356,206,92,57,73,74,87,7334
4/3/20,Friday,11:31:00 PM,7:36:00 AM,382,204,99,78,73,72,88,8463
4/4/20,Saturday,10:46:00 PM,11:44:00 AM,626,443,141,42,74,75,94,8451
4/5/20,Sunday,11:51:00 PM,7:59:00 AM,411,268,85,58,65,66,90,10225
4/6/20,Monday,11:24:00 PM,6:37:00 AM,388,262,77,49,61,63,90,9881
4/7/20,Tuesday,10:42:00 PM,6:43:00 AM,415,275,84,56,73,75,93,10703
4/8/20,Wednesday,10:16:00 PM,7:02:00 AM,457,272,104,80,69,82,93,9434
4/9/20,Thursday,11:40:00 PM,6:37:00 AM,358,247,78,33,70,65,94,8835
4/10/20,Friday,10:19:00 PM,7:54:00 AM,481,276,107,97,83,81,97,8889
4/12/20,Sunday,10:41:00 PM,7:34:00 AM,485,242,112,131,91,89,92,9332
4/13/20,Monday,11:07:00 PM,6:28:00 AM,384,207,82,95,86,75,89,13366
4/14/20,Tuesday,11:05:00 PM,6:57:00 AM,353,205,80,67,71,70,84,9055
4/15/20,Wednesday,10:27:00 PM,6:27:00 AM,406,239,98,69,83,75,83,7813
4/16/20,Thursday,6:26:00 PM,6:46:00 AM,601,298,178,125,94,92,90,14102
4/17/20,Friday,9:14:00 PM,7:42:00 AM,551,361,128,62,89,89,85,8517
4/18/20,Saturday,11:48:00 PM,6:38:00 AM,345,215,50,80,79,67,87,11456
4/19/20,Sunday,11:12:00 PM,8:58:00 AM,519,538,123,69,92,84,89,10464
4/20/20,Monday,10:40:00 PM,6:55:00 AM,388,203,92,92,80,75,79,9236
4/21/20,Tuesday,10:10:00 PM,7:07:00 AM,425,260,110,55,81,76,80,8443
4/22/20,Wednesday,10:09:00 PM,6:52:00 AM,449,228,115,106,85,82,80,6458
4/23/20,Thursday,10:47:00 PM,6:17:00 AM,389,262,72,54,78,71,75,9372
4/24/20,Friday,10:48:00 PM,4:48:00 AM,444,254,118,72,85,81,74,8417
4/25/20,Saturday,12:41:00 AM,9:12:00 AM,466,284,119,61,69,76,81,15253
4/26/20,Sunday,10:23:00 PM,9:31:00 AM,608,372,148,87,83,88,83,11145
4/27/20,Monday,11:05:00 PM,6:22:00 AM,350,191,75,84,77,66,84,7678
4/28/20,Tuesday,11:07:00 PM,7:12:00 AM,409,243,92,74,80,73,81,9438
4/30/20,Thursday,11:26:00 PM,7:23:00 AM,416,224,93,98,82,81,94,13036
5/1/20,Friday,10:28:00 PM,7:28:00 AM,484,252,146,85,81,88,95,11035
5/2/20,Saturday,12:53:00 AM,8:15:00 AM,401,226,92,83,78,71,95,9422
5/3/20,Sunday,10:08:00 PM,10:03:00 AM,637,373,149,114,92,90,92,11185
5/4/20,Monday,10:59:00 PM,9:01:00 AM,532,342,126,64,90,86,86,10861
5/5/20,Tuesday,12:01:00 AM,5:59:00 AM,312,226,44,52,71,61,89,7989
5/6/20,Wednesday,9:38:00 PM,5:31:00 AM,428,297,77,53,86,74,80,10258
5/7/20,Thursday,9:44:00 PM,5:39:00 AM,425,286,81,58,81,77,75,9804
5/9/20,Saturday,12:59:00 AM,6:38:00 AM,477,270,119,88,87,86,74,12076
5/10/20,Sunday,12:51:00 AM,6:39:00 AM,293,189,48,56,51,59,80,8559
5/11/20,Monday,9:21:00 PM,5:39:00 AM,445,210,106,128,77,83,79,8662
5/12/20,Tuesday,9:38:00 PM,5:46:00 AM,441,250,93,97,85,81,80,9629
5/14/20,Thursday,9:49:00 PM,6:03:00 AM,446,237,111,98,85,83,81,6361
5/15/20,Friday,10:09:00 PM,7:28:00 AM,507,285,133,88,89,89,77,9388
5/16/20,Saturday,9:46:00 PM,7:04:00 AM,490,294,108,87,91,86,77,12507
5/17/20,Sunday,9:36:00 PM,8:21:00 AM,585,356,149,80,88,92,73,11986
5/18/20,Monday,10:15:00 PM,6:53:00 AM,462,296,103,63,84,82,66,6598
5/19/20,Tuesday,9:47:00 PM,5:33:00 AM,413,230,86,97,88,81,66,3988
5/20/20,Wednesday,11:00:00 PM,7:00:00 AM,422,267,74,80,87,78,66,7453
5/21/20,Thursday,9:49:00 PM,5:47:00 AM,423,262,61,99,90,78,69,9732
5/22/20,Friday,10:11:00 PM,7:49:00 AM,513,304,119,90,89,85,68,3670
5/24/20,Sunday,10:41:00 PM,8:58:00 AM,540,355,133,52,71,87,85,18539
5/25/20,Monday,10:03:00 PM,7:38:00 AM,483,331,92,60,81,81,80,7908
5/26/20,Tuesday,10:06:00 PM,5:50:00 AM,407,219,76,111,91,80,78,6939
5/27/20,Wednesday,10:08:00 PM,6:04:00 AM,430,298,78,54,85,76,77,7920
5/28/20,Thursday,10:02:00 PM,7:44:00 AM,530,136,136,71,89,87,81,9492
5/29/20,Friday,10:19:00 PM,5:45:00 AM,386,202,87,96,78,77,80,10445
5/30/20,Saturday,10:32:00 PM,7:31:00 AM,475,275,103,97,74,85,81,4321
5/31/20,Sunday,10:12:00 PM,7:01:00 AM,433,261,107,65,87,76,77,12161
6/1/20,Monday,9:48:00 PM,6:09:00 AM,430,264,94,71,82,77,75,7684
6/2/20,Tuesday,9:48:00 PM,5:44:00 AM,444,261,108,74,88,83,73,9262
6/3/20,Wednesday,9:39:00 PM,7:20:00 AM,507,317,138,61,90,86,83,14579
6/4/20,Thursday,9:35:00 PM,5:31:00 AM,421,197,113,110,74,84,79,7298
6/5/20,Friday,9:27:00 PM,5:30:00 AM,451,256,120,74,89,83,74,9497
6/6/20,Saturday,9:59:00 PM,6:16:00 AM,430,262,99,68,83,78,79,13232
6/7/20,Sunday,10:14:00 PM,7:24:00 AM,459,252,78,128,86,80,84,15642
6/8/20,Monday,9:53:00 PM,5:36:00 AM,405,234,89,82,76,73,84,5343
6/9/20,Tuesday,9:30:00 PM,5:41:00 AM,432,284,72,76,82,79,89,10726
6/10/20,Wednesday,9:07:00 PM,5:33:00 AM,448,288,86,74,82,79,85,7469
6/11/20,Thursday,9:09:00 PM,5:45:00 AM,440,248,122,70,85,80,84,7714
6/12/20,Friday,9:43:00 PM,5:58:00 AM,450,221,118,110,89,87,86,9546
6/13/20,Saturday,10:58:00 PM,8:13:00 AM,456,273,174,9,70,75,82,8461
6/15/20,Monday,10:36:00 PM,7:21:00 AM,463,262,108,92,90,85,76,7028
6/16/20,Tuesday,9:41:00 PM,5:50:00 AM,436,317,66,53,83,73,64,4642
6/17/20,Wednesday,9:42:00 PM,5:51:00 AM,436,246,99,91,87,80,73,11056
6/18/20,Thursday,10:31:00 PM,7:32:00 AM,462,269,101,92,78,85,83,10706
6/19/20,Friday,9:09:00 PM,5:41:00 AM,442,301,94,46,78,79,80,10253
6/20/20,Saturday,10:22:00 PM,7:19:00 AM,469,320,79,69,86,79,78,8843
6/21/20,Sunday,10:50:00 PM,8:15:00 AM,470,268,87,114,90,83,81,10661
6/22/20,Monday,10:11:00 PM,5:55:00 AM,386,221,68,96,84,74,80,9041
6/23/20,Tuesday,10:08:00 PM,5:56:00 AM,401,226,59,116,84,77,84,8288
6/24/20,Wednesday,11:36:00 PM,5:58:00 AM,292,214,35,42,64,57,81,6977
6/25/20,Thursday,9:55:00 PM,7:22:00 AM,469,301,90,78,83,82,84,6539
6/26/20,Friday,9:00:00 PM,5:37:00 AM,471,310,105,55,73,84,75,3426
6/27/20,Saturday,10:08:00 PM,8:14:00 AM,531,315,134,82,84,89,80,9654
6/28/20,Sunday,9:39:00 PM,8:28:00 AM,549,331,118,99,93,90,83,12369
6/29/20,Monday,10:11:00 PM,6:02:00 AM,418,271,88,58,86,75,79,8127
6/30/20,Tuesday,9:06:00 PM,5:12:00 AM,427,237,104,85,87,82,73,6224
7/1/20,Wednesday,9:36:00 PM,6:16:00 AM,421,238,83,100,88,78,73,9791
7/2/20,Thursday,9:31:00 PM,6:12:00 AM,454,298,87,69,86,79,76,11798
7/3/20,Friday,10:49:00 PM,7:32:00 AM,452,258,103,90,86,83,77,9862
7/4/20,Saturday,11:15:00 PM,8:16:00 AM,442,258,96,87,87,79,77,6302
7/5/20,Sunday,12:09:00 AM,8:35:00 AM,409,215,99,94,84,73,77,5499
7/6/20,Monday,10:25:00 PM,5:52:00 AM,402,205,72,124,86,78,74,3395
7/7/20,Tuesday,10:09:00 PM,5:47:00 AM,384,243,84,56,79,72,69,7854
7/9/20,Thursday,10:16:00 PM,6:04:00 AM,398,222,61,114,84,73,54,8144
7/10/20,Friday,10:17:00 PM,7:25:00 AM,483,321,106,55,80,80,74,20620
7/11/20,Saturday,9:44:00 PM,7:10:00 AM,505,313,109,83,80,90,72,9632
7/12/20,Sunday,10:37:00 PM,8:14:00 AM,508,333,113,62,88,83,76,11840
7/13/20,Monday,9:45:00 PM,6:16:00 AM,437,267,90,79,86,80,74,8750
7/14/20,Tuesday,9:45:00 PM,6:03:00 AM,440,240,79,121,88,82,74,6868
7/15/20,Wednesday,9:59:00 PM,6:14:00 AM,449,267,91,90,90,82,79,7617
7/16/20,Thursday,10:41:00 PM,5:56:00 AM,376,193,72,110,83,75,80,9849
7/17/20,Friday,9:19:00 PM,6:00:00 AM,465,254,106,105,91,88,74,9219
7/18/20,Saturday,10:50:00 PM,6:39:00 AM,400,246,76,78,81,75,82,12470
7/19/20,Sunday,10:22:00 PM,9:00:00 AM,525,299,116,110,92,90,89,14455
7/20/20,Monday,9:57:00 PM,6:06:00 AM,408,309,87,12,76,68,83,10757
7/21/20,Tuesday,10:20:00 PM,6:13:00 AM,371,246,74,50,75,67,88,8274
7/22/20,Wednesday,9:52:00 PM,6:13:00 AM,435,249,87,99,84,81,90,7462
7/23/20,Thursday,10:03:00 PM,5:36:00 AM,391,221,84,85,79,76,86,8341
7/24/20,Friday,9:55:00 PM,6:19:00 AM,441,279,108,54,79,79,97,28120
7/25/20,Saturday,10:54:00 PM,7:46:00 AM,454,304,110,40,55,78,95,6449
7/26/20,Sunday,10:46:00 PM,8:08:00 AM,477,274,121,81,75,81,94,12154
7/27/20,Monday,10:09:00 PM,6:02:00 AM,412,258,83,70,76,78,84,6342
7/28/20,Tuesday,10:06:00 PM,7:52:00 AM,505,285,124,96,87,86,84,8157
7/29/20,Wednesday,9:43:00 PM,5:39:00 AM,424,291,57,76,80,75,84,7000
7/30/20,Thursday,9:42:00 PM,6:07:00 AM,447,273,100,73,82,80,83,7869
7/31/20,Friday,10:33:00 PM,6:06:00 AM,393,247,71,74,80,74,70,8836
8/3/20,Monday,10:32:00 PM,6:10:00 AM,406,258,72,75,78,75,68,9729
8/4/20,Tuesday,9:48:00 PM,6:12:00 AM,439,275,83,81,77,79,66,7819
8/5/20,Wednesday,10:26:00 PM,6:22:00 AM,411,249,79,82,84,78,68,10238
8/6/20,Thursday,9:18:00 PM,5:45:00 AM,444,256,110,78,85,83,63,9419
8/7/20,Friday,9:49:00 PM,6:05:00 AM,451,321,114,16,79,75,73,10239
8/8/20,Saturday,10:28:00 PM,7:00:00 AM,459,291,119,48,60,81,80,8257
8/9/20,Sunday,9:10:00 PM,7:30:00 AM,558,274,177,106,91,94,79,11096
8/10/20,Monday,10:17:00 PM,6:08:00 AM,433,230,107,95,87,82,77,7734
8/11/20,Tuesday,10:15:00 PM,6:06:00 AM,441,266,82,93,85,80,77,6228
8/12/20,Wednesday,10:08:00 PM,7:18:00 AM,476,274,106,96,89,87,76,6840
8/14/20,Friday,9:14:00 PM,6:16:00 AM,496,322,93,81,90,84,79,24261
8/15/20,Saturday,11:01:00 PM,7:11:00 AM,422,317,76,28,62,69,82,12594
8/16/20,Sunday,10:44:00 PM,7:43:00 AM,472,270,107,94,83,85,80,8997
8/17/20,Monday,10:07:00 PM,6:11:00 AM,429,286,64,78,86,80,78,4891
8/18/20,Tuesday,10:03:00 PM,6:09:00 AM,420,303,84,32,75,69,78,9239
8/19/20,Wednesday,10:08:00 PM,6:34:00 AM,434,280,88,66,86,78,79,9497
8/20/20,Thursday,9:18:00 PM,6:20:00 AM,493,279,101,113,92,89,80,8918
8/21/20,Friday,9:44:00 PM,6:15:00 AM,434,249,87,97,87,77,72,9029
8/22/20,Saturday,10:45:00 PM,7:12:00 AM,448,270,96,82,88,79,76,16018
8/23/20,Sunday,9:46:00 PM,7:19:00 AM,498,307,104,86,81,88,85,12608
8/24/20,Monday,9:20:00 PM,6:10:00 AM,431,264,76,91,85,79,81,11360
8/25/20,Tuesday,9:52:00 PM,6:01:00 AM,423,317,60,45,80,72,82,8554
8/26/20,Wednesday,9:17:00 PM,6:10:00 AM,435,253,84,98,83,73,78,7806
8/27/20,Thursday,9:48:00 PM,7:19:00 AM,502,319,91,91,90,86,80,2594
8/28/20,Friday,10:00:00 PM,6:23:00 AM,455,253,101,100,89,86,83,9460
8/29/20,Saturday,10:07:00 PM,6:53:00 AM,445,291,92,61,83,77,81,1299
8/30/20,Sunday,8:51:00 PM,7:47:00 AM,507,313,124,69,83,75,77,8014
8/31/20,Monday,8:49:00 PM,6:01:00 AM,504,303,107,93,90,90,69,7800
9/1/20,Tuesday,9:18:00 PM,6:01:00 AM,452,272,100,80,91,82,66,8539
9/2/20,Wednesday,9:11:00 PM,6:10:00 AM,468,335,68,64,88,78,68,8506
9/4/20,Friday,10:29:00 PM,6:12:00 AM,419,249,65,105,83,77,78,18795
9/5/20,Saturday,9:23:00 PM,7:37:00 AM,453,275,100,77,69,69,78,9484
9/6/20,Sunday,10:25:00 PM,7:25:00 AM,457,274,101,82,84,83,86,14638
9/7/20,Monday,9:35:00 PM,8:09:00 AM,544,340,127,76,72,82,93,10988
9/8/20,Tuesday,9:55:00 PM,5:59:00 AM,428,338,46,43,84,71,89,8009
9/9/20,Wednesday,9:06:00 PM,6:12:00 AM,490,329,96,65,90,82,91,9592
9/10/20,Thursday,9:09:00 PM,6:20:00 AM,442,254,116,72,89,80,88,10953
9/11/20,Friday,10:29:00 PM,6:11:00 AM,425,255,73,97,87,79,90,13938
9/12/20,Saturday,11:30:00 PM,8:00:00 AM,447,267,91,88,86,82,88,11725
9/13/20,Sunday,10:28:00 PM,8:02:00 AM,495,240,151,104,88,86,83,10906
9/15/20,Tuesday,9:21:00 PM,6:15:00 AM,473,297,89,87,87,81,77,8864
9/16/20,Wednesday,9:39:00 PM,6:10:00 AM,446,283,94,68,80,79,72,7201
9/20/20,Sunday,10:22:00 PM,7:43:00 AM,473,277,106,90,88,80,61,8090
9/21/20,Monday,9:27:00 PM,6:13:00 AM,456,275,99,81,88,80,71,14152
9/22/20,Tuesday,8:51:00 PM,7:49:00 AM,570,378,132,60,81,89,69,6501
9/23/20,Wednesday,10:12:00 PM,6:09:00 AM,409,237,80,91,81,77,69,4452
9/24/20,Thursday,10:28:00 PM,6:14:00 AM,417,283,79,55,82,74,69,6970
9/25/20,Friday,9:00:00 PM,5:42:00 AM,445,294,100,50,81,77,68,10329
9/27/20,Sunday,10:46:00 PM,8:11:00 AM,477,301,90,86,72,77,84,10458
9/28/20,Monday,11:41:00 PM,8:36:00 AM,473,317,98,57,64,77,86,7617
9/29/20,Tuesday,9:44:00 PM,7:15:00 AM,417,265,90,61,75,75,86,9392
9/30/20,Wednesday,9:02:00 PM,6:58:00 AM,472,311,80,80,85,78,85,9621
10/1/20,Thursday,9:02:00 PM,5:54:00 AM,458,307,78,73,85,79,91,11199
10/2/20,Friday,9:56:00 PM,6:15:00 AM,434,255,76,103,73,80,88,9889
10/3/20,Saturday,9:51:00 PM,7:23:00 AM,503,278,141,83,87,87,89,14247
10/4/20,Sunday,10:17:00 PM,8:29:00 AM,545,315,144,86,92,89,84,7309
10/6/20,Tuesday,10:01:00 PM,6:03:00 AM,435,292,66,77,81,77,84,7972
10/7/20,Wednesday,9:36:00 PM,6:19:00 AM,469,304,105,59,86,84,86,9306
10/8/20,Thursday,9:34:00 PM,8:03:00 AM,559,388,118,53,93,85,89,11548
10/9/20,Friday,8:55:00 PM,6:18:00 AM,502,305,116,81,91,87,81,7187
10/10/20,Saturday,10:06:00 PM,7:09:00 AM,488,325,90,72,92,85,86,14536
10/11/20,Sunday,11:01:00 PM,8:25:00 AM,468,265,102,100,89,80,88,4958
10/12/20,Monday,9:54:00 PM,6:02:00 AM,452,267,80,105,87,82,82,9951
10/13/20,Tuesday,9:05:00 PM,6:16:00 AM,483,292,84,107,93,83,80,8679
10/14/20,Wednesday,9:36:00 PM,6:19:00 AM,456,295,69,92,86,80,81,8559
10/15/20,Thursday,8:55:00 PM,7:53:00 AM,561,382,109,70,96,88,78,9288
10/16/20,Friday,10:50:00 PM,6:22:00 AM,391,199,77,114,88,73,83,11815
10/17/20,Saturday,10:28:00 PM,7:57:00 AM,494,314,96,83,84,84,80,8414
10/19/20,Monday,9:40:00 PM,5:50:00 AM,417,256,68,93,87,76,77,7822
10/20/20,Tuesday,9:38:00 PM,7:12:00 AM,488,305,84,98,93,83,75,12452
10/21/20,Wednesday,9:41:00 PM,6:19:00 AM,457,254,97,105,92,84,82,15611
10/22/20,Thursday,9:42:00 PM,5:54:00 AM,439,253,83,102,80,80,84,10401
10/23/20,Friday,9:37:00 PM,6:10:00 AM,443,293,86,63,80,79,81,12020
10/25/20,Sunday,8:21:00 PM,6:57:00 AM,573,315,119,138,93,83,79,12255
10/26/20,Monday,10:38:00 PM,5:46:00 AM,359,209,62,88,79,70,73,8151
10/27/20,Tuesday,9:59:00 PM,5:59:00 AM,420,253,69,87,86,77,89,11071
10/28/20,Wednesday,9:36:00 PM,5:51:00 AM,419,255,89,74,75,77,91,10269
10/29/20,Thursday,10:07:00 PM,6:46:00 AM,464,276,86,102,89,83,91,13918
10/30/20,Friday,8:58:00 PM,5:49:00 AM,459,249,72,138,87,82,80,5244
10/31/20,Saturday,11:32:00 PM,5:57:00 AM,330,194,62,74,73,66,92,11176
11/1/20,Sunday,8:13:00 PM,8:53:00 AM,540,321,162,57,75,82,99,16842
11/2/20,Monday,10:43:00 PM,6:38:00 AM,411,209,91,110,81,79,95,9263
11/3/20,Tuesday,9:52:00 PM,5:35:00 AM,436,257,69,109,84,79,95,11541
11/4/20,Wednesday,9:37:00 PM,5:29:00 AM,424,287,71,65,77,77,88,8972
11/5/20,Thursday,10:08:00 PM,6:08:00 AM,431,243,77,111,85,82,85,5933
11/6/20,Friday,9:22:00 PM,5:57:00 AM,432,255,79,98,82,80,90,7136
11/7/20,Saturday,10:29:00 PM,7:02:00 AM,446,285,73,88,84,80,89,10571
11/11/20,Wednesday,9:25:00 PM,6:03:00 AM,459,269,97,92,88,81,76,7116
11/12/20,Thursday,9:22:00 PM,5:54:00 AM,426,262,73,90,83,72,85,14920
11/13/20,Friday,9:52:00 PM,5:54:00 AM,427,242,84,101,77,81,80,5177
11/14/20,Saturday,10:27:00 PM,7:41:00 AM,461,299,103,58,81,79,82,11424
11/15/20,Sunday,9:56:00 PM,7:09:00 AM,467,269,102,96,82,84,89,18917
11/16/20,Monday,9:22:00 PM,6:01:00 AM,421,237,83,101,72,77,85,7357
11/17/20,Tuesday,10:47:00 PM,6:09:00 AM,381,238,86,56,76,70,85,4592
11/18/20,Wednesday,9:58:00 PM,6:01:00 AM,434,246,96,92,84,79,88,10673
11/19/20,Thursday,10:30:00 PM,7:06:00 AM,440,228,97,114,83,82,91,15995
11/20/20,Friday,9:27:00 PM,6:01:00 AM,463,259,104,99,78,86,92,13211
11/21/20,Saturday,11:07:00 PM,8:06:00 AM,451,266,95,89,74,81,95,12398
11/22/20,Sunday,7:03:00 PM,7:22:00 AM,641,405,159,77,91,90,85,13290
11/23/20,Monday,10:17:00 PM,7:18:00 AM,473,280,91,101,91,85,83,9410
11/24/20,Tuesday,10:01:00 PM,6:00:00 AM,407,232,79,96,87,75,93,11844
11/25/20,Wednesday,10:24:00 PM,7:03:00 AM,440,268,100,71,74,79,94,12220
11/26/20,Thursday,10:40:00 PM,7:21:00 AM,448,229,107,111,84,85,94,12070
11/28/20,Saturday,11:09:00 PM,6:03:00 AM,369,262,61,45,73,68,91,12786
11/29/20,Sunday,10:04:00 PM,8:52:00 AM,570,359,113,98,88,90,91,15486
12/5/20,Saturday,10:06:00 PM,7:12:00 AM,482,287,112,82,80,85,80,15183
12/6/20,Sunday,9:05:00 PM,6:51:00 AM,486,331,108,47,79,81,81,15379
12/7/20,Monday,8:56:00 PM,5:44:00 AM,468,286,101,81,87,86,77,8405
12/8/20,Tuesday,9:08:00 PM,5:55:00 AM,436,230,99,106,87,81,83,10605
12/9/20,Wednesday,9:10:00 PM,5:31:00 AM,453,267,96,89,83,82,86,11635
12/10/20,Thursday,10:22:00 PM,7:06:00 AM,431,228,108,95,84,82,90,8594
12/11/20,Friday,7:56:00 PM,5:47:00 AM,507,367,111,28,68,83,89,11458
12/12/20,Saturday,9:35:00 PM,7:21:00 AM,511,322,142,46,78,83,88,12642
12/13/20,Sunday,11:02:00 PM,7:29:00 AM,448,245,99,103,87,83,80,3469
12/14/20,Monday,10:02:00 PM,6:29:00 AM,381,238,86,56,76,70,85,4592
12/15/20,Tuesday,10:24:00 PM,5:29:00 AM,434,246,96,92,84,79,88,10673
12/16/20,Wednesday,9:02:00 PM,5:40:00 AM,440,228,97,114,83,82,91,15995
12/17/20,Thursday,9:30:00 PM,5:50:00 AM,463,259,104,99,78,86,92,13211
12/18/20,Friday,10:15:00 PM,7:29:00 AM,451,266,95,89,74,81,95,12398
12/19/20,Saturday,11:40:00 PM,7:29:00 AM,641,405,159,77,91,90,85,13290
12/20/20,Sunday,10:02:00 PM,7:45:00 AM,473,280,91,101,91,85,83,9410
12/21/20,Monday,1:32:00 AM,7:38:00 AM,407,232,79,96,87,75,93,11844
12/23/20,Tuesday,11:02:00 PM,7:59:00 AM,440,268,100,71,74,79,94,12220
12/22/20,Wednesday,11:02:00 PM,7:29:00 AM,448,229,107,111,84,85,94,12070
12/24/20,Thursday,10:58:00 PM,5:48:00 AM,352,241,43,67,72,69,62,12103
12/25/20,Friday,10:22:00 PM,8:58:00 AM,489,282,123,84,70,79,66,5453
12/26/20,Saturday,10:40:00 PM,7:00:00 AM,438,233,87,117,80,82,81,13256
12/28/20,Monday,9:52:00 PM,6:01:00 AM,429,263,70,96,82,77,86,10930
12/29/20,Tuesday,8:36:00 PM,5:50:00 AM,484,309,83,91,88,82,87,9723
1/2/21,Saturday,11:20:00 PM,9:20:00 AM,491,290,106,95,93,81,78,8196
1/3/21,Sunday,10:20:00 PM,6:54:00 AM,455,286,72,96,88,81,77,10401
1/4/21,Monday,9:27:00 PM,5:54:00 AM,456,267,88,101,88,83,71,11944
1/5/21,Tuesday,9:27:00 PM,5:50:00 AM,443,284,80,78,85,80,68,5150
1/6/21,Wednesday,9:38:00 PM,5:48:00 AM,438,269,95,73,93,82,73,12009
1/7/21,Thursday,9:42:00 PM,5:54:00 AM,458,313,88,57,86,81,69,11463
1/8/21,Friday,9:48:00 PM,5:56:00 AM,433,228,95,109,89,83,71,12887
1/9/21,Saturday,9:49:00 PM,6:05:00 AM,425,231,85,109,83,79,77,17971
1/10/21,Sunday,10:55:00 PM,7:56:00 AM,465,263,99,103,84,81,79,12325
1/11/21,Monday,9:16:00 PM,5:44:00 AM,456,292,57,106,87,79,73,8145
1/12/21,Tuesday,7:51:00 PM,5:37:00 AM,531,315,125,91,94,92,81,8840
1/13/21,Wednesday,9:49:00 PM,6:01:00 AM,438,268,108,62,86,78,87,11467
1/14/21,Thursday,10:05:00 PM,5:55:00 AM,410,260,49,100,85,73,92,16021
1/15/21,Friday,9:47:00 PM,7:24:00 AM,508,356,85,56,83,80,94,11281
1/16/21,Saturday,10:42:00 PM,8:58:00 AM,512,311,127,73,79,83,95,15942
1/17/21,Sunday,10:15:00 PM,6:59:00 AM,450,261,66,123,88,80,92,18426
1/18/21,Monday,9:50:00 PM,7:15:00 AM,490,251,114,124,91,87,90,11794
1/19/21,Tuesday,9:00:00 PM,5:49:00 AM,461,259,105,97,87,85,81,9360
1/20/21,Wednesday,9:55:00 PM,5:42:00 AM,376,264,63,48,77,67,93,3977
1/26/21,Tuesday,8:42:00 PM,6:04:00 AM,480,282,109,89,84,88,62,10314
1/27/21,Wednesday,9:29:00 PM,7:01:00 AM,488,289,98,100,85,84,71,11977
1/28/21,Thursday,10:26:00 PM,6:53:00 AM,423,261,82,80,85,77,76,9111
1/29/21,Friday,9:31:00 PM,6:20:00 AM,463,263,83,116,88,85,78,10203
1/30/21,Saturday,10:08:00 PM,7:09:00 AM,452,241,101,110,88,82,79,8506
1/31/21,Sunday,10:18:00 PM,8:34:00 AM,509,311,114,84,89,85,81,11730
2/1/21,Monday,9:08:00 PM,5:17:00 AM,436,259,85,91,89,80,81,7475
2/2/21,Tuesday,10:05:00 PM,5:38:00 AM,399,244,54,101,81,75,76,7377
2/3/21,Wednesday,9:55:00 PM,5:46:00 AM,432,226,95,111,85,84,74,8525
2/4/21,Thursday,9:16:00 PM,5:53:00 AM,443,247,107,89,81,84,75,5326
2/5/21,Friday,7:44:00 PM,6:37:00 AM,554,372,124,57,86,87,78,16620
2/6/21,Saturday,11:41:00 PM,7:58:00 AM,423,278,95,49,68,75,88,12497
2/7/21,Sunday,10:07:00 PM,7:06:00 AM,463,263,104,96,85,82,93,15879
2/8/21,Monday,8:49:00 PM,5:34:00 AM,484,285,93,105,86,86,83,2219
2/9/21,Tuesday,9:04:00 PM,5:40:00 AM,452,266,83,103,87,81,81,9619
2/10/21,Wednesday,9:14:00 PM,5:37:00 AM,475,281,90,104,88,85,82,5757
2/11/21,Thursday,9:07:00 PM,7:07:00 AM,502,278,125,98,92,87,86,10728
2/12/21,Friday,9:16:00 PM,5:38:00 AM,443,262,95,85,90,82,80,9619
2/13/21,Saturday,10:01:00 PM,6:28:00 AM,445,244,105,95,85,81,82,17304
2/14/21,Sunday,10:10:00 PM,8:08:00 AM,516,296,138,82,84,87,79,9524
2/15/21,Monday,9:13:00 PM,6:39:00 AM,482,299,85,97,90,85,78,2539
2/16/21,Tuesday,9:22:00 PM,5:33:00 AM,405,293,59,52,76,69,75,9294
2/17/21,Wednesday,9:16:00 PM,5:39:00 AM,435,244,80,111,84,81,80,10464
2/18/21,Thursday,9:38:00 PM,5:31:00 AM,417,203,83,131,83,79,79,9194
2/19/21,Friday,8:50:00 PM,5:44:00 AM,473,231,126,116,85,86,77,10015
2/20/21,Saturday,10:50:00 PM,6:21:00 AM,420,260,88,69,73,78,85,11024
2/22/21,Monday,9:27:00 PM,5:30:00 AM,427,287,88,51,78,74,85,9137
2/23/21,Tuesday,8:55:00 PM,5:24:00 AM,444,306,97,41,81,76,79,9378
2/24/21,Wednesday,9:24:00 PM,6:53:00 AM,478,238,118,122,86,85,81,9698
2/27/21,Saturday,10:56:00 PM,7:02:00 AM,440,251,102,87,80,83,82,17417
2/28/21,Sunday,10:53:00 PM,7:24:00 AM,434,245,65,124,73,78,88,12695